Region,Year,Annual_Sales,Annual_Profit_Margin,Urban_Share,Rural_Share,Income_Low_Share,Income_Middle_Share,Income_High_Share,Age_18_24_Share,Age_25_34_Share,Age_35_44_Share,Age_45_54_Share,Age_55plus_Share,Gender_Male_Share,Gender_Female_Share,Gender_Other_Share
UK,2021,1199434.31,0.13024750861929238,0.7072490370956621,0.2927509629043378,0.22672011456967575,0.6011802919094418,0.17208157027957618,0.17962362881632093,0.3998424826283316,0.15662262150896783,0.1672254239342211,0.09665229147563738,0.5672827161822641,0.3529995714679864,0.07969460300497824
UK,2022,1217401.75,0.1335272902088403,0.7201224430751805,0.27987755692481964,0.16939348533629106,0.6112655934000426,0.2193198316521231,0.10991645360539365,0.23937097025365706,0.32213005908936804,0.20174538330834504,0.1268580808923595,0.5178762167772472,0.43984236653758724,0.042289239993289006
UK,2023,1197188.6099999999,0.12707346847544768,0.7070331876896156,0.2929668123103844,0.2036101011017805,0.6010733888530732,0.19532252608885084,0.1523999113531493,0.351825604550314,0.25830163517676635,0.10574966366995424,0.13172293864372803,0.5973665690028576,0.3335825546477594,0.06902492402847034
US,2021,1448992.68,0.12218584384912143,0.7850551981615256,0.21494480183847442,0.22725804350923284,0.5307626943270686,0.24197898987591843,0.16836747035395647,0.21150565086843637,0.278440823329073,0.14038544401687383,0.20130096017048196,0.4933925536076552,0.45430033095129235,0.05229061175657561
US,2022,1444875.43,0.13488426379912902,0.7061531185280103,0.2938468814719895,0.21238127671462992,0.6123348990576993,0.17529079857770158,0.11162897868365028,0.3224444728248994,0.26637968339388257,0.211415986559478,0.08814605242543294,0.43955567633951664,0.5215238880731745,0.038933315311479824
US,2023,1429853.45,0.11218530640954849,0.7496262690012044,0.25037373099879584,0.18143699615859238,0.6149460382943442,0.2036074242524645,0.12124603298191156,0.34376342297177387,0.21341304598523717,0.15231305805080939,0.16925335384126258,0.44276764435334276,0.5163746340325998,0.04086399700682613
